date,headline,ticker,source
2021-01-04,Markets tumble on recession fears and weak economic data,,Yahoo Finance
2021-01-05,AAPL profit margins expand amid cost cutting efforts,AAPL,Reuters
2021-01-05,Analysts upgrade SPY to 'buy' after strong quarter,SPY,MarketWatch
2021-01-06,SPY files routine regulatory paperwork,SPY,Yahoo Finance
2021-01-06,QQQ to present at upcoming investor conference,QQQ,MarketWatch
2021-01-06,GOOGL announces major share buyback program,GOOGL,Reuters
2021-01-07,GDP growth slows but beats revised expectations,,MarketWatch
2021-01-07,Wall Street bullish on SPY growth prospects,SPY,CNBC
2021-01-07,Tech sector leads market decline on growth concerns,,Bloomberg
2021-01-08,Oil prices surge on geopolitical tensions in Middle East,,Reuters
2021-01-08,Mixed signals for AAPL as sector consolidates,AAPL,Yahoo Finance
2021-01-11,Short sellers increase bets against SPY,SPY,Bloomberg
2021-01-11,AAPL board approves routine corporate matters,AAPL,CNBC
2021-01-12,Competition intensifies as SPY loses market share,SPY,Yahoo Finance
2021-01-12,AAPL dividend increase signals management confidence,AAPL,MarketWatch
2021-01-13,VIX spikes as volatility returns to equity markets,,Yahoo Finance
2021-01-13,S&P 500 closes at session highs on broad rally,,Reuters
2021-01-14,Market rally lifts AAPL to new 52-week high,AAPL,Reuters
2021-01-15,SPY CFO departure raises governance questions,SPY,Bloomberg
2021-01-18,Institutional investors increase holdings in AAPL,AAPL,Bloomberg
2021-01-19,QQQ raises full-year guidance above consensus,QQQ,Yahoo Finance
2021-01-20,Strong consumer demand drives QQQ sales higher,QQQ,Reuters
2021-01-20,GDP growth slows but beats revised expectations,,CNBC
2021-01-21,Options activity in GOOGL suggests sideways movement,GOOGL,Bloomberg
2021-01-22,SPY volume picks up ahead of next week earnings,SPY,Yahoo Finance
2021-01-25,Mixed signals for AAPL as sector consolidates,AAPL,Bloomberg
2021-01-27,Treasury yields climb as inflation data tops expectations,,Reuters
2021-01-27,GOOGL cloud revenue growth accelerates in latest quarter,GOOGL,Reuters
2021-01-29,Rising costs pressure MSFT profit margins,MSFT,CNBC
2021-02-02,Trading volume in AAPL remains steady ahead of earnings,AAPL,Reuters
2021-02-02,GOOGL profit margins expand amid cost cutting efforts,GOOGL,MarketWatch
2021-02-02,Short sellers increase bets against GOOGL,GOOGL,Bloomberg
2021-02-03,QQQ announces major share buyback program,QQQ,Yahoo Finance
2021-02-03,Market selloff drags SPY below key support levels,SPY,Reuters
2021-02-04,Rising costs pressure QQQ profit margins,QQQ,MarketWatch
2021-02-04,MSFT announces leadership transition plan,MSFT,MarketWatch
2021-02-05,GDP growth slows but beats revised expectations,,MarketWatch
2021-02-09,Consumer confidence drops to lowest level in six months,,MarketWatch
2021-02-11,SPY secures major government contract worth billions,SPY,MarketWatch
2021-02-12,Mixed signals for AAPL as sector consolidates,AAPL,Yahoo Finance
2021-02-15,Options activity in MSFT suggests sideways movement,MSFT,CNBC
2021-02-15,"AAPL beats earnings expectations, shares surge",AAPL,MarketWatch
2021-02-16,Trade tensions weigh on SPY international revenue,SPY,MarketWatch
2021-02-17,QQQ board approves routine corporate matters,QQQ,Bloomberg
2021-02-18,Market rally lifts QQQ to new 52-week high,QQQ,MarketWatch
2021-02-22,MSFT lowers guidance amid macroeconomic headwinds,MSFT,Yahoo Finance
2021-02-22,Retail investors drive unusual options activity,,Bloomberg
2021-02-22,SPY to present at upcoming investor conference,SPY,MarketWatch
2021-02-23,Concerns mount over SPY slowing growth trajectory,SPY,Yahoo Finance
2021-02-24,Market rally lifts GOOGL to new 52-week high,GOOGL,Reuters
2021-02-25,Manufacturing PMI signals contraction for third month,,MarketWatch
2021-02-26,Analysts downgrade AAPL citing valuation concerns,AAPL,Reuters
2021-03-03,GOOGL holds investor day with no major announcements,GOOGL,Bloomberg
2021-03-03,Short sellers increase bets against AAPL,AAPL,MarketWatch
2021-03-03,Institutional investors increase holdings in SPY,SPY,Reuters
2021-03-04,AAPL announces leadership transition plan,AAPL,MarketWatch
2021-03-05,QQQ dividend increase signals management confidence,QQQ,Yahoo Finance
2021-03-05,SPY reports record revenue in Q2 results,SPY,Yahoo Finance
2021-03-05,SPY holds investor day with no major announcements,SPY,Yahoo Finance
2021-03-08,Competition intensifies as QQQ loses market share,QQQ,CNBC
2021-03-08,GOOGL faces regulatory scrutiny over business practices,GOOGL,MarketWatch
2021-03-08,Strong consumer demand drives MSFT sales higher,MSFT,CNBC
2021-03-09,Market rally lifts MSFT to new 52-week high,MSFT,Yahoo Finance
2021-03-09,MSFT reports record revenue in Q3 results,MSFT,CNBC
2021-03-09,MSFT files routine regulatory paperwork,MSFT,Yahoo Finance
2021-03-10,MSFT reports results in line with expectations,MSFT,Yahoo Finance
2021-03-10,QQQ announces major share buyback program,QQQ,MarketWatch
2021-03-11,GDP growth slows but beats revised expectations,,Reuters
2021-03-11,Short sellers increase bets against QQQ,QQQ,CNBC
2021-03-12,SPY announces major share buyback program,SPY,MarketWatch
2021-03-15,Concerns mount over SPY slowing growth trajectory,SPY,Yahoo Finance
2021-03-15,Trade tensions weigh on QQQ international revenue,QQQ,CNBC
2021-03-15,MSFT layoffs signal deeper problems in core business,MSFT,CNBC
2021-03-16,S&P 500 closes at session highs on broad rally,,Reuters
2021-03-17,Short sellers increase bets against SPY,SPY,Bloomberg
2021-03-17,MSFT holds investor day with no major announcements,MSFT,CNBC
2021-03-18,GOOGL completes previously announced restructuring,GOOGL,Reuters
2021-03-18,AAPL announces major share buyback program,AAPL,Yahoo Finance
2021-03-19,GOOGL hit by data breach affecting millions of users,GOOGL,Bloomberg
2021-03-22,"SPY misses revenue estimates, stock drops",SPY,MarketWatch
2021-03-22,Trade tensions weigh on GOOGL international revenue,GOOGL,Yahoo Finance
2021-03-22,SPY dividend increase signals management confidence,SPY,Yahoo Finance
2021-03-23,SPY hit by data breach affecting millions of users,SPY,CNBC
2021-03-23,Concerns mount over GOOGL slowing growth trajectory,GOOGL,MarketWatch
2021-03-23,SPY board approves routine corporate matters,SPY,CNBC
2021-03-24,Analysts maintain hold rating on GOOGL,GOOGL,Bloomberg
2021-03-24,AAPL to present at upcoming investor conference,AAPL,Bloomberg
2021-03-24,Global markets rally on trade deal optimism,,Reuters
2021-03-25,Rising costs pressure AAPL profit margins,AAPL,Bloomberg
2021-03-25,Trade tensions weigh on SPY international revenue,SPY,CNBC
2021-03-25,Bond market inversion deepens recession concerns,,MarketWatch
2021-03-29,SPY reports record revenue in Q2 results,SPY,MarketWatch
2021-03-30,Wall Street bullish on QQQ growth prospects,QQQ,Yahoo Finance
2021-04-01,"Job report exceeds expectations, stocks mixed",,Bloomberg
2021-04-02,Housing market shows signs of cooling as rates rise,,Reuters
2021-04-02,GOOGL layoffs signal deeper problems in core business,GOOGL,MarketWatch
2021-04-05,Mixed signals for GOOGL as sector consolidates,GOOGL,MarketWatch
2021-04-05,SPY warns of supply chain disruptions impacting margins,SPY,Bloomberg
2021-04-06,Markets tumble on recession fears and weak economic data,,Yahoo Finance
2021-04-07,GOOGL completes previously announced restructuring,GOOGL,Bloomberg
2021-04-07,Options activity in GOOGL suggests sideways movement,GOOGL,Bloomberg
2021-04-08,AAPL faces regulatory scrutiny over business practices,AAPL,Bloomberg
2021-04-09,SPY holds investor day with no major announcements,SPY,CNBC
2021-04-09,AAPL secures major government contract worth billions,AAPL,Yahoo Finance
2021-04-09,QQQ maintains dividend at current levels,QQQ,Reuters
2021-04-12,MSFT completes previously announced restructuring,MSFT,MarketWatch
2021-04-13,"SPY misses revenue estimates, stock drops",SPY,Reuters
2021-04-13,SPY dividend increase signals management confidence,SPY,MarketWatch
2021-04-14,QQQ trading near 50-day moving average,QQQ,Reuters
2021-04-15,"AAPL beats earnings expectations, shares surge",AAPL,Yahoo Finance
2021-04-16,AAPL holds investor day with no major announcements,AAPL,Reuters
2021-04-19,Analysts maintain hold rating on SPY,SPY,MarketWatch
2021-04-19,MSFT cloud revenue growth accelerates in latest quarter,MSFT,Reuters
2021-04-20,QQQ volume picks up ahead of next week earnings,QQQ,CNBC
2021-04-21,"QQQ beats earnings expectations, shares surge",QQQ,CNBC
2021-04-23,Market selloff drags QQQ below key support levels,QQQ,Reuters
2021-04-26,Market selloff drags SPY below key support levels,SPY,Yahoo Finance
2021-04-26,MSFT secures major government contract worth billions,MSFT,Reuters
2021-04-26,MSFT CFO departure raises governance questions,MSFT,Bloomberg
2021-04-28,QQQ CFO departure raises governance questions,QQQ,Yahoo Finance
2021-04-29,VIX spikes as volatility returns to equity markets,,CNBC
2021-04-30,Tech sector leads market decline on growth concerns,,Bloomberg
2021-04-30,SPY volume picks up ahead of next week earnings,SPY,Bloomberg
2021-04-30,GOOGL launches innovative product to positive reviews,GOOGL,MarketWatch
2021-05-03,SPY raises full-year guidance above consensus,SPY,Bloomberg
2021-05-03,Trading volume in GOOGL remains steady ahead of earnings,GOOGL,Yahoo Finance
2021-05-03,Markets tumble on recession fears and weak economic data,,MarketWatch
2021-05-04,AAPL files routine regulatory paperwork,AAPL,CNBC
2021-05-07,Bond market inversion deepens recession concerns,,MarketWatch
2021-05-10,MSFT announces leadership transition plan,MSFT,Bloomberg
2021-05-10,"MSFT misses revenue estimates, stock drops",MSFT,MarketWatch
2021-05-11,Trade tensions weigh on GOOGL international revenue,GOOGL,Bloomberg
2021-05-12,SPY files routine regulatory paperwork,SPY,MarketWatch
2021-05-13,SPY lowers guidance amid macroeconomic headwinds,SPY,MarketWatch
2021-05-17,Wall Street bullish on MSFT growth prospects,MSFT,CNBC
2021-05-17,AAPL completes previously announced restructuring,AAPL,Reuters
2021-05-17,MSFT files routine regulatory paperwork,MSFT,MarketWatch
2021-05-18,AAPL board approves routine corporate matters,AAPL,MarketWatch
2021-05-19,"Fed signals potential rate changes, markets react",,Bloomberg
2021-05-19,QQQ warns of supply chain disruptions impacting margins,QQQ,MarketWatch
2021-05-20,AAPL hit by data breach affecting millions of users,AAPL,CNBC
2021-05-20,GDP growth slows but beats revised expectations,,Reuters
2021-05-21,MSFT trading near 50-day moving average,MSFT,Yahoo Finance
2021-05-21,Options activity in GOOGL suggests sideways movement,GOOGL,Yahoo Finance
2021-05-21,QQQ CFO departure raises governance questions,QQQ,Reuters
2021-05-24,Market rally lifts QQQ to new 52-week high,QQQ,Yahoo Finance
2021-05-24,S&P 500 closes at session highs on broad rally,,Reuters
2021-05-25,GOOGL layoffs signal deeper problems in core business,GOOGL,CNBC
2021-05-25,Cryptocurrency volatility spills over into tech stocks,,MarketWatch
2021-05-26,MSFT announces major share buyback program,MSFT,CNBC
2021-05-27,QQQ faces regulatory scrutiny over business practices,QQQ,Yahoo Finance
2021-05-27,Market rally lifts MSFT to new 52-week high,MSFT,Reuters
2021-05-27,Market rally lifts GOOGL to new 52-week high,GOOGL,Yahoo Finance
2021-05-28,QQQ dividend increase signals management confidence,QQQ,CNBC
2021-05-28,Analysts downgrade MSFT citing valuation concerns,MSFT,CNBC
2021-05-31,Strong consumer demand drives GOOGL sales higher,GOOGL,MarketWatch
2021-05-31,Sector rotation leaves QQQ flat on the day,QQQ,CNBC
2021-06-01,Options activity in QQQ suggests sideways movement,QQQ,MarketWatch
2021-06-02,Manufacturing PMI signals contraction for third month,,Reuters
2021-06-02,Options activity in MSFT suggests sideways movement,MSFT,Bloomberg
2021-06-03,AAPL announces major share buyback program,AAPL,Bloomberg
2021-06-03,GOOGL holds investor day with no major announcements,GOOGL,Reuters
2021-06-04,Trading volume in QQQ remains steady ahead of earnings,QQQ,Reuters
2021-06-07,QQQ profit margins expand amid cost cutting efforts,QQQ,CNBC
2021-06-07,Cryptocurrency volatility spills over into tech stocks,,Bloomberg
2021-06-08,Competition intensifies as MSFT loses market share,MSFT,Yahoo Finance
2021-06-10,MSFT announces major share buyback program,MSFT,MarketWatch
2021-06-10,SPY faces class action lawsuit from shareholders,SPY,CNBC
2021-06-11,"Fed signals potential rate changes, markets react",,Bloomberg
2021-06-14,Housing market shows signs of cooling as rates rise,,CNBC
2021-06-14,MSFT secures major government contract worth billions,MSFT,CNBC
2021-06-14,AAPL faces regulatory scrutiny over business practices,AAPL,CNBC
2021-06-15,"MSFT beats earnings expectations, shares surge",MSFT,CNBC
2021-06-15,QQQ completes previously announced restructuring,QQQ,Reuters
2021-06-16,GOOGL board approves routine corporate matters,GOOGL,CNBC
2021-06-16,GOOGL board approves routine corporate matters,GOOGL,Yahoo Finance
2021-06-17,Analysts maintain hold rating on MSFT,MSFT,CNBC
2021-06-21,Dollar strengthens as global growth concerns persist,,Yahoo Finance
2021-06-22,Wall Street bullish on MSFT growth prospects,MSFT,Reuters
2021-06-22,AAPL layoffs signal deeper problems in core business,AAPL,CNBC
2021-06-22,Options activity in MSFT suggests sideways movement,MSFT,Yahoo Finance
2021-06-23,Manufacturing PMI signals contraction for third month,,Yahoo Finance
2021-06-24,Central banks globally signal tightening monetary policy,,Yahoo Finance
2021-06-24,QQQ maintains dividend at current levels,QQQ,Yahoo Finance
2021-06-25,"Fed signals potential rate changes, markets react",,Reuters
2021-06-28,SPY to present at upcoming investor conference,SPY,Reuters
2021-06-28,Trading volume in MSFT remains steady ahead of earnings,MSFT,MarketWatch
2021-07-01,MSFT to present at upcoming investor conference,MSFT,Bloomberg
2021-07-02,Trading volume in GOOGL remains steady ahead of earnings,GOOGL,Reuters
2021-07-02,SPY warns of supply chain disruptions impacting margins,SPY,Bloomberg
2021-07-06,Strong consumer demand drives MSFT sales higher,MSFT,Reuters
2021-07-06,GOOGL announces leadership transition plan,GOOGL,Yahoo Finance
2021-07-07,Housing market shows signs of cooling as rates rise,,MarketWatch
2021-07-07,Mixed signals for SPY as sector consolidates,SPY,Bloomberg
2021-07-07,MSFT trading near 50-day moving average,MSFT,Yahoo Finance
2021-07-08,AAPL dividend increase signals management confidence,AAPL,CNBC
2021-07-08,Manufacturing PMI signals contraction for third month,,Yahoo Finance
2021-07-09,AAPL expands into new market with strategic acquisition,AAPL,Reuters
2021-07-09,QQQ expands into new market with strategic acquisition,QQQ,MarketWatch
2021-07-13,Market rally lifts GOOGL to new 52-week high,GOOGL,CNBC
2021-07-14,GOOGL expands into new market with strategic acquisition,GOOGL,Bloomberg
2021-07-14,QQQ CFO departure raises governance questions,QQQ,Bloomberg
2021-07-15,MSFT holds investor day with no major announcements,MSFT,CNBC
2021-07-15,Small caps outperform as risk appetite improves,,MarketWatch
2021-07-16,Rising costs pressure MSFT profit margins,MSFT,Yahoo Finance
2021-07-19,Sector rotation leaves AAPL flat on the day,AAPL,CNBC
2021-07-20,AAPL announces major share buyback program,AAPL,Bloomberg
2021-07-20,Consumer confidence drops to lowest level in six months,,MarketWatch
2021-07-22,AAPL faces class action lawsuit from shareholders,AAPL,MarketWatch
2021-07-26,SPY to present at upcoming investor conference,SPY,CNBC
2021-07-27,Sector rotation leaves GOOGL flat on the day,GOOGL,CNBC
2021-07-27,Manufacturing PMI signals contraction for third month,,CNBC
2021-07-29,Market selloff drags SPY below key support levels,SPY,Bloomberg
2021-07-29,MSFT to present at upcoming investor conference,MSFT,Bloomberg
2021-07-30,Analysts maintain hold rating on GOOGL,GOOGL,CNBC
2021-08-02,Central banks globally signal tightening monetary policy,,MarketWatch
2021-08-03,MSFT raises full-year guidance above consensus,MSFT,Bloomberg
2021-08-03,GDP growth slows but beats revised expectations,,Bloomberg
2021-08-03,Options activity in AAPL suggests sideways movement,AAPL,Yahoo Finance
2021-08-04,QQQ faces class action lawsuit from shareholders,QQQ,Yahoo Finance
2021-08-04,GOOGL completes previously announced restructuring,GOOGL,Reuters
2021-08-06,MSFT announces major share buyback program,MSFT,MarketWatch
2021-08-11,Earnings season kicks off with mixed bank results,,MarketWatch
2021-08-11,SPY warns of supply chain disruptions impacting margins,SPY,Bloomberg
2021-08-12,AAPL faces regulatory scrutiny over business practices,AAPL,Bloomberg
2021-08-13,"GOOGL misses revenue estimates, stock drops",GOOGL,Bloomberg
2021-08-13,SPY reports results in line with expectations,SPY,Reuters
2021-08-17,Rising costs pressure MSFT profit margins,MSFT,Yahoo Finance
2021-08-17,Small caps outperform as risk appetite improves,,Bloomberg
2021-08-17,Sector rotation leaves MSFT flat on the day,MSFT,Bloomberg
2021-08-18,Trading volume in SPY remains steady ahead of earnings,SPY,CNBC
2021-08-19,Markets tumble on recession fears and weak economic data,,Yahoo Finance
2021-08-19,MSFT expands into new market with strategic acquisition,MSFT,MarketWatch
2021-08-20,Analysts maintain hold rating on SPY,SPY,Reuters
2021-08-23,Market rally lifts GOOGL to new 52-week high,GOOGL,Yahoo Finance
2021-08-24,SPY faces regulatory scrutiny over business practices,SPY,MarketWatch
2021-08-25,GOOGL hit by data breach affecting millions of users,GOOGL,MarketWatch
2021-08-26,MSFT expands into new market with strategic acquisition,MSFT,Bloomberg
2021-08-27,Small caps outperform as risk appetite improves,,CNBC
2021-08-30,Options activity in GOOGL suggests sideways movement,GOOGL,MarketWatch
2021-08-30,Markets tumble on recession fears and weak economic data,,Reuters
2021-08-30,Analysts maintain hold rating on QQQ,QQQ,Yahoo Finance
2021-08-31,Trading volume in QQQ remains steady ahead of earnings,QQQ,MarketWatch
2021-09-02,Concerns mount over QQQ slowing growth trajectory,QQQ,CNBC
2021-09-02,Institutional investors increase holdings in GOOGL,GOOGL,Bloomberg
2021-09-06,QQQ reports results in line with expectations,QQQ,Bloomberg
2021-09-06,MSFT faces class action lawsuit from shareholders,MSFT,Reuters
2021-09-07,Trade tensions weigh on AAPL international revenue,AAPL,CNBC
2021-09-08,GOOGL reports record revenue in Q2 results,GOOGL,Reuters
2021-09-09,AAPL holds investor day with no major announcements,AAPL,Yahoo Finance
2021-09-09,"QQQ misses revenue estimates, stock drops",QQQ,MarketWatch
2021-09-10,GOOGL faces class action lawsuit from shareholders,GOOGL,CNBC
2021-09-10,MSFT reports record revenue in Q3 results,MSFT,CNBC
2021-09-10,Consumer confidence drops to lowest level in six months,,MarketWatch
2021-09-13,MSFT trading near 50-day moving average,MSFT,Yahoo Finance
2021-09-13,SPY hit by data breach affecting millions of users,SPY,Bloomberg
2021-09-13,AAPL hit by data breach affecting millions of users,AAPL,Yahoo Finance
2021-09-14,GOOGL to present at upcoming investor conference,GOOGL,Bloomberg
2021-09-15,Strong consumer demand drives SPY sales higher,SPY,CNBC
2021-09-16,Earnings season kicks off with mixed bank results,,CNBC
2021-09-16,AAPL cloud revenue growth accelerates in latest quarter,AAPL,MarketWatch
2021-09-20,Cryptocurrency volatility spills over into tech stocks,,CNBC
2021-09-20,MSFT reports record revenue in Q3 results,MSFT,CNBC
2021-09-21,AAPL maintains dividend at current levels,AAPL,Reuters
2021-09-22,MSFT maintains dividend at current levels,MSFT,Bloomberg
2021-09-22,Global markets rally on trade deal optimism,,MarketWatch
2021-09-23,S&P 500 closes at session highs on broad rally,,CNBC
2021-09-23,Concerns mount over AAPL slowing growth trajectory,AAPL,Bloomberg
2021-09-27,MSFT announces leadership transition plan,MSFT,MarketWatch
2021-09-28,GDP growth slows but beats revised expectations,,CNBC
2021-09-28,"QQQ misses revenue estimates, stock drops",QQQ,MarketWatch
2021-09-29,Market selloff drags MSFT below key support levels,MSFT,Yahoo Finance
2021-09-29,AAPL announces major share buyback program,AAPL,Bloomberg
2021-09-30,Institutional investors increase holdings in MSFT,MSFT,Yahoo Finance
2021-09-30,Rising costs pressure GOOGL profit margins,GOOGL,Reuters
2021-09-30,Wall Street bullish on GOOGL growth prospects,GOOGL,MarketWatch
2021-10-01,Cryptocurrency volatility spills over into tech stocks,,Yahoo Finance
2021-10-05,SPY announces major share buyback program,SPY,Yahoo Finance
2021-10-05,Analysts maintain hold rating on QQQ,QQQ,Bloomberg
2021-10-05,AAPL dividend increase signals management confidence,AAPL,CNBC
2021-10-07,QQQ layoffs signal deeper problems in core business,QQQ,MarketWatch
2021-10-08,Trading volume in MSFT remains steady ahead of earnings,MSFT,MarketWatch
2021-10-11,QQQ dividend increase signals management confidence,QQQ,Bloomberg
2021-10-11,Market selloff drags MSFT below key support levels,MSFT,MarketWatch
2021-10-11,Consumer confidence drops to lowest level in six months,,Yahoo Finance
2021-10-12,Options activity in AAPL suggests sideways movement,AAPL,Reuters
2021-10-13,Institutional investors increase holdings in GOOGL,GOOGL,Bloomberg
2021-10-14,Tech sector leads market decline on growth concerns,,MarketWatch
2021-10-18,Mixed signals for GOOGL as sector consolidates,GOOGL,CNBC
2021-10-18,Trade tensions weigh on AAPL international revenue,AAPL,Reuters
2021-10-19,MSFT board approves routine corporate matters,MSFT,CNBC
2021-10-19,S&P 500 closes at session highs on broad rally,,Bloomberg
2021-10-20,MSFT profit margins expand amid cost cutting efforts,MSFT,CNBC
2021-10-22,Rising costs pressure QQQ profit margins,QQQ,Yahoo Finance
2021-10-26,Analysts downgrade GOOGL citing valuation concerns,GOOGL,Yahoo Finance
2021-10-26,MSFT CFO departure raises governance questions,MSFT,MarketWatch
2021-10-26,MSFT cloud revenue growth accelerates in latest quarter,MSFT,Reuters
2021-10-27,QQQ files routine regulatory paperwork,QQQ,CNBC
2021-10-27,Market selloff drags AAPL below key support levels,AAPL,MarketWatch
2021-10-27,MSFT profit margins expand amid cost cutting efforts,MSFT,Bloomberg
2021-10-28,GOOGL CFO departure raises governance questions,GOOGL,Bloomberg
2021-10-28,Analysts maintain hold rating on MSFT,MSFT,MarketWatch
2021-10-29,QQQ announces leadership transition plan,QQQ,Reuters
2021-11-01,Treasury yields climb as inflation data tops expectations,,CNBC
2021-11-01,SPY announces leadership transition plan,SPY,Reuters
2021-11-01,AAPL profit margins expand amid cost cutting efforts,AAPL,Yahoo Finance
2021-11-02,SPY maintains dividend at current levels,SPY,Bloomberg
2021-11-04,MSFT lowers guidance amid macroeconomic headwinds,MSFT,Reuters
2021-11-05,Earnings season kicks off with mixed bank results,,CNBC
2021-11-09,QQQ hit by data breach affecting millions of users,QQQ,Reuters
2021-11-10,Concerns mount over GOOGL slowing growth trajectory,GOOGL,MarketWatch
2021-11-10,Rising costs pressure QQQ profit margins,QQQ,MarketWatch
2021-11-10,Oil prices surge on geopolitical tensions in Middle East,,Reuters
2021-11-15,Sector rotation leaves AAPL flat on the day,AAPL,Bloomberg
2021-11-16,Rising costs pressure SPY profit margins,SPY,Bloomberg
2021-11-18,Analysts maintain hold rating on GOOGL,GOOGL,Yahoo Finance
2021-11-19,Institutional investors increase holdings in AAPL,AAPL,CNBC
2021-11-22,AAPL completes previously announced restructuring,AAPL,Bloomberg
2021-11-23,MSFT faces regulatory scrutiny over business practices,MSFT,Yahoo Finance
2021-11-23,MSFT announces major share buyback program,MSFT,MarketWatch
2021-11-24,AAPL warns of supply chain disruptions impacting margins,AAPL,CNBC
2021-11-24,SPY warns of supply chain disruptions impacting margins,SPY,MarketWatch
2021-11-26,MSFT faces class action lawsuit from shareholders,MSFT,Reuters
2021-11-29,AAPL board approves routine corporate matters,AAPL,Reuters
2021-11-29,AAPL hit by data breach affecting millions of users,AAPL,Yahoo Finance
2021-11-30,SPY cloud revenue growth accelerates in latest quarter,SPY,CNBC
2021-11-30,GOOGL reports results in line with expectations,GOOGL,Reuters
2021-11-30,AAPL announces leadership transition plan,AAPL,CNBC
2021-12-01,Trading volume in QQQ remains steady ahead of earnings,QQQ,MarketWatch
2021-12-01,AAPL holds investor day with no major announcements,AAPL,Reuters
2021-12-02,MSFT warns of supply chain disruptions impacting margins,MSFT,Bloomberg
2021-12-02,Market rally lifts SPY to new 52-week high,SPY,Yahoo Finance
2021-12-03,Trading volume in QQQ remains steady ahead of earnings,QQQ,MarketWatch
2021-12-07,Retail investors drive unusual options activity,,Yahoo Finance
2021-12-07,Global markets rally on trade deal optimism,,Yahoo Finance
2021-12-08,Options activity in GOOGL suggests sideways movement,GOOGL,CNBC
2021-12-10,AAPL maintains dividend at current levels,AAPL,Bloomberg
2021-12-13,QQQ announces leadership transition plan,QQQ,Yahoo Finance
2021-12-14,Strong consumer demand drives GOOGL sales higher,GOOGL,MarketWatch
2021-12-14,SPY faces regulatory scrutiny over business practices,SPY,Bloomberg
2021-12-14,Cryptocurrency volatility spills over into tech stocks,,Yahoo Finance
2021-12-15,Analysts downgrade SPY citing valuation concerns,SPY,Bloomberg
2021-12-15,Manufacturing PMI signals contraction for third month,,Yahoo Finance
2021-12-15,Markets tumble on recession fears and weak economic data,,Reuters
2021-12-17,GOOGL holds investor day with no major announcements,GOOGL,CNBC
2021-12-17,Institutional investors increase holdings in AAPL,AAPL,MarketWatch
2021-12-17,Oil prices surge on geopolitical tensions in Middle East,,CNBC
2021-12-20,SPY launches innovative product to positive reviews,SPY,MarketWatch
2021-12-20,AAPL files routine regulatory paperwork,AAPL,Bloomberg
2021-12-20,MSFT faces regulatory scrutiny over business practices,MSFT,Reuters
2021-12-21,AAPL secures major government contract worth billions,AAPL,Bloomberg
2021-12-21,Competition intensifies as AAPL loses market share,AAPL,CNBC
2021-12-21,Options activity in QQQ suggests sideways movement,QQQ,CNBC
2021-12-22,QQQ reports record revenue in Q1 results,QQQ,Yahoo Finance
2021-12-22,Mixed signals for AAPL as sector consolidates,AAPL,Reuters
2021-12-23,Mixed signals for GOOGL as sector consolidates,GOOGL,Yahoo Finance
2021-12-23,Central banks globally signal tightening monetary policy,,Reuters
2021-12-24,Small caps outperform as risk appetite improves,,Reuters
2021-12-27,QQQ volume picks up ahead of next week earnings,QQQ,Reuters
2021-12-29,Bond market inversion deepens recession concerns,,Yahoo Finance
2021-12-29,QQQ warns of supply chain disruptions impacting margins,QQQ,MarketWatch
2021-12-30,Options activity in QQQ suggests sideways movement,QQQ,Yahoo Finance
2021-12-31,Trading volume in SPY remains steady ahead of earnings,SPY,Reuters
2021-12-31,Small caps outperform as risk appetite improves,,Bloomberg
2022-01-03,"Fed signals potential rate changes, markets react",,Reuters
2022-01-04,SPY warns of supply chain disruptions impacting margins,SPY,CNBC
2022-01-05,SPY dividend increase signals management confidence,SPY,CNBC
2022-01-06,GDP growth slows but beats revised expectations,,Bloomberg
2022-01-07,Earnings season kicks off with mixed bank results,,MarketWatch
2022-01-07,MSFT announces leadership transition plan,MSFT,MarketWatch
2022-01-11,GOOGL reports results in line with expectations,GOOGL,CNBC
2022-01-11,Analysts maintain hold rating on SPY,SPY,CNBC
2022-01-12,MSFT volume picks up ahead of next week earnings,MSFT,Yahoo Finance
2022-01-13,Sector rotation leaves MSFT flat on the day,MSFT,Yahoo Finance
2022-01-13,GOOGL lowers guidance amid macroeconomic headwinds,GOOGL,Yahoo Finance
2022-01-14,Analysts downgrade AAPL citing valuation concerns,AAPL,CNBC
2022-01-14,GOOGL hit by data breach affecting millions of users,GOOGL,CNBC
2022-01-14,GOOGL trading near 50-day moving average,GOOGL,Yahoo Finance
2022-01-18,Market rally lifts SPY to new 52-week high,SPY,CNBC
2022-01-20,Sector rotation leaves QQQ flat on the day,QQQ,Bloomberg
2022-01-20,MSFT secures major government contract worth billions,MSFT,CNBC
2022-01-21,SPY completes previously announced restructuring,SPY,CNBC
2022-01-24,Tech sector leads market decline on growth concerns,,Bloomberg
2022-01-24,Retail investors drive unusual options activity,,Reuters
2022-01-24,Analysts maintain hold rating on MSFT,MSFT,Yahoo Finance
2022-01-25,Treasury yields climb as inflation data tops expectations,,Yahoo Finance
2022-01-25,SPY files routine regulatory paperwork,SPY,Reuters
2022-01-26,SPY trading near 50-day moving average,SPY,Yahoo Finance
2022-01-28,AAPL files routine regulatory paperwork,AAPL,Yahoo Finance
2022-01-28,GOOGL warns of supply chain disruptions impacting margins,GOOGL,Bloomberg
2022-02-01,Concerns mount over GOOGL slowing growth trajectory,GOOGL,Reuters
2022-02-01,MSFT launches innovative product to positive reviews,MSFT,Yahoo Finance
2022-02-02,Retail investors drive unusual options activity,,MarketWatch
2022-02-03,SPY lowers guidance amid macroeconomic headwinds,SPY,MarketWatch
2022-02-03,MSFT to present at upcoming investor conference,MSFT,MarketWatch
2022-02-07,Consumer confidence drops to lowest level in six months,,Yahoo Finance
2022-02-09,Analysts upgrade AAPL to 'buy' after strong quarter,AAPL,Bloomberg
2022-02-09,SPY raises full-year guidance above consensus,SPY,Reuters
2022-02-09,Strong consumer demand drives MSFT sales higher,MSFT,Reuters
2022-02-10,SPY completes previously announced restructuring,SPY,MarketWatch
2022-02-10,MSFT faces regulatory scrutiny over business practices,MSFT,CNBC
2022-02-10,QQQ raises full-year guidance above consensus,QQQ,Bloomberg
2022-02-11,AAPL profit margins expand amid cost cutting efforts,AAPL,Yahoo Finance
2022-02-11,Analysts upgrade QQQ to 'buy' after strong quarter,QQQ,Yahoo Finance
2022-02-14,Options activity in MSFT suggests sideways movement,MSFT,CNBC
2022-02-15,MSFT board approves routine corporate matters,MSFT,Bloomberg
2022-02-15,VIX spikes as volatility returns to equity markets,,MarketWatch
2022-02-17,AAPL reports record revenue in Q4 results,AAPL,Yahoo Finance
2022-02-18,Housing market shows signs of cooling as rates rise,,MarketWatch
2022-02-18,Sector rotation leaves GOOGL flat on the day,GOOGL,Yahoo Finance
2022-02-21,MSFT announces major share buyback program,MSFT,Yahoo Finance
2022-02-21,AAPL faces regulatory scrutiny over business practices,AAPL,Reuters
2022-02-22,Consumer confidence drops to lowest level in six months,,Bloomberg
2022-02-22,SPY lowers guidance amid macroeconomic headwinds,SPY,CNBC
2022-02-23,Cryptocurrency volatility spills over into tech stocks,,Reuters
2022-02-24,Analysts upgrade MSFT to 'buy' after strong quarter,MSFT,MarketWatch
2022-02-25,Central banks globally signal tightening monetary policy,,Bloomberg
2022-02-25,MSFT reports record revenue in Q1 results,MSFT,CNBC
2022-02-25,MSFT reports results in line with expectations,MSFT,Bloomberg
2022-02-28,MSFT board approves routine corporate matters,MSFT,CNBC
2022-03-01,Housing market shows signs of cooling as rates rise,,Yahoo Finance
2022-03-02,Short sellers increase bets against SPY,SPY,Reuters
2022-03-02,Mixed signals for GOOGL as sector consolidates,GOOGL,Bloomberg
2022-03-02,Concerns mount over MSFT slowing growth trajectory,MSFT,Reuters
2022-03-03,GOOGL expands into new market with strategic acquisition,GOOGL,MarketWatch
2022-03-04,MSFT announces leadership transition plan,MSFT,Bloomberg
2022-03-04,AAPL announces major share buyback program,AAPL,Yahoo Finance
2022-03-07,SPY trading near 50-day moving average,SPY,Bloomberg
2022-03-07,QQQ maintains dividend at current levels,QQQ,Yahoo Finance
2022-03-08,Analysts downgrade AAPL citing valuation concerns,AAPL,Reuters
2022-03-09,Bond market inversion deepens recession concerns,,Reuters
2022-03-09,Market rally lifts SPY to new 52-week high,SPY,CNBC
2022-03-10,Sector rotation leaves GOOGL flat on the day,GOOGL,MarketWatch
2022-03-10,GOOGL launches innovative product to positive reviews,GOOGL,Bloomberg
2022-03-11,Analysts downgrade MSFT citing valuation concerns,MSFT,CNBC
2022-03-16,GDP growth slows but beats revised expectations,,Bloomberg
2022-03-16,Market rally lifts AAPL to new 52-week high,AAPL,Bloomberg
2022-03-17,SPY dividend increase signals management confidence,SPY,CNBC
2022-03-17,SPY layoffs signal deeper problems in core business,SPY,Bloomberg
2022-03-18,AAPL CFO departure raises governance questions,AAPL,Yahoo Finance
2022-03-18,GOOGL board approves routine corporate matters,GOOGL,CNBC
2022-03-21,Small caps outperform as risk appetite improves,,MarketWatch
2022-03-21,S&P 500 closes at session highs on broad rally,,CNBC
2022-03-23,Trade tensions weigh on GOOGL international revenue,GOOGL,Bloomberg
2022-03-23,MSFT hit by data breach affecting millions of users,MSFT,Yahoo Finance
2022-03-24,Institutional investors increase holdings in SPY,SPY,Yahoo Finance
2022-03-25,QQQ trading near 50-day moving average,QQQ,Reuters
2022-03-25,MSFT completes previously announced restructuring,MSFT,MarketWatch
2022-03-28,Earnings season kicks off with mixed bank results,,MarketWatch
2022-03-29,Trading volume in AAPL remains steady ahead of earnings,AAPL,Bloomberg
2022-03-29,MSFT files routine regulatory paperwork,MSFT,MarketWatch
2022-04-01,S&P 500 closes at session highs on broad rally,,Bloomberg
2022-04-01,AAPL reports record revenue in Q1 results,AAPL,MarketWatch
2022-04-01,MSFT launches innovative product to positive reviews,MSFT,Bloomberg
2022-04-05,GOOGL faces class action lawsuit from shareholders,GOOGL,Bloomberg
2022-04-06,Treasury yields climb as inflation data tops expectations,,MarketWatch
2022-04-06,QQQ launches innovative product to positive reviews,QQQ,Bloomberg
2022-04-06,Global markets rally on trade deal optimism,,Reuters
2022-04-07,SPY board approves routine corporate matters,SPY,MarketWatch
2022-04-08,AAPL expands into new market with strategic acquisition,AAPL,MarketWatch
2022-04-08,MSFT reports record revenue in Q3 results,MSFT,Yahoo Finance
2022-04-08,Retail investors drive unusual options activity,,Bloomberg
2022-04-12,Dollar strengthens as global growth concerns persist,,Reuters
2022-04-12,MSFT maintains dividend at current levels,MSFT,Reuters
2022-04-13,Oil prices surge on geopolitical tensions in Middle East,,Reuters
2022-04-14,AAPL reports record revenue in Q1 results,AAPL,MarketWatch
2022-04-15,Central banks globally signal tightening monetary policy,,MarketWatch
2022-04-18,S&P 500 closes at session highs on broad rally,,Bloomberg
2022-04-18,GOOGL holds investor day with no major announcements,GOOGL,MarketWatch
2022-04-20,Global markets rally on trade deal optimism,,Reuters
2022-04-21,Analysts upgrade QQQ to 'buy' after strong quarter,QQQ,CNBC
2022-04-22,MSFT reports results in line with expectations,MSFT,Reuters
2022-04-22,Sector rotation leaves GOOGL flat on the day,GOOGL,CNBC
2022-04-22,GOOGL to present at upcoming investor conference,GOOGL,Bloomberg
2022-04-25,Market rally lifts MSFT to new 52-week high,MSFT,Bloomberg
2022-04-25,Rising costs pressure GOOGL profit margins,GOOGL,CNBC
2022-04-26,Mixed signals for AAPL as sector consolidates,AAPL,MarketWatch
2022-04-27,MSFT dividend increase signals management confidence,MSFT,Reuters
2022-04-28,Market rally lifts GOOGL to new 52-week high,GOOGL,Bloomberg
2022-04-29,"MSFT misses revenue estimates, stock drops",MSFT,MarketWatch
2022-04-29,SPY holds investor day with no major announcements,SPY,Bloomberg
2022-04-29,Concerns mount over QQQ slowing growth trajectory,QQQ,CNBC
2022-05-02,GOOGL holds investor day with no major announcements,GOOGL,CNBC
2022-05-02,QQQ reports record revenue in Q4 results,QQQ,Bloomberg
2022-05-03,Trade tensions weigh on SPY international revenue,SPY,Yahoo Finance
2022-05-04,GOOGL expands into new market with strategic acquisition,GOOGL,Reuters
2022-05-04,Short sellers increase bets against SPY,SPY,Reuters
2022-05-04,"Fed signals potential rate changes, markets react",,Bloomberg
2022-05-05,Trade tensions weigh on SPY international revenue,SPY,Reuters
2022-05-06,Analysts upgrade SPY to 'buy' after strong quarter,SPY,CNBC
2022-05-09,QQQ faces class action lawsuit from shareholders,QQQ,CNBC
2022-05-09,Bond market inversion deepens recession concerns,,Yahoo Finance
2022-05-10,SPY holds investor day with no major announcements,SPY,Bloomberg
2022-05-12,QQQ announces major share buyback program,QQQ,Yahoo Finance
2022-05-12,Mixed signals for AAPL as sector consolidates,AAPL,Bloomberg
2022-05-12,Concerns mount over SPY slowing growth trajectory,SPY,CNBC
2022-05-13,Bond market inversion deepens recession concerns,,CNBC
2022-05-16,SPY announces leadership transition plan,SPY,MarketWatch
2022-05-16,SPY trading near 50-day moving average,SPY,Reuters
2022-05-16,Wall Street bullish on MSFT growth prospects,MSFT,MarketWatch
2022-05-17,QQQ maintains dividend at current levels,QQQ,Reuters
2022-05-18,Analysts maintain hold rating on SPY,SPY,Yahoo Finance
2022-05-18,Earnings season kicks off with mixed bank results,,MarketWatch
2022-05-19,Competition intensifies as GOOGL loses market share,GOOGL,CNBC
2022-05-19,MSFT CFO departure raises governance questions,MSFT,CNBC
2022-05-20,AAPL raises full-year guidance above consensus,AAPL,Bloomberg
2022-05-20,Market rally lifts SPY to new 52-week high,SPY,Reuters
2022-05-24,SPY faces class action lawsuit from shareholders,SPY,Reuters
2022-05-24,"AAPL beats earnings expectations, shares surge",AAPL,Reuters
2022-05-25,MSFT volume picks up ahead of next week earnings,MSFT,Reuters
2022-05-25,Mixed signals for QQQ as sector consolidates,QQQ,CNBC
2022-05-26,"AAPL misses revenue estimates, stock drops",AAPL,Yahoo Finance
2022-05-26,Market rally lifts QQQ to new 52-week high,QQQ,Bloomberg
2022-05-26,AAPL cloud revenue growth accelerates in latest quarter,AAPL,MarketWatch
2022-05-27,Manufacturing PMI signals contraction for third month,,Bloomberg
2022-05-30,"QQQ misses revenue estimates, stock drops",QQQ,Bloomberg
2022-05-31,SPY secures major government contract worth billions,SPY,Bloomberg
2022-05-31,AAPL announces leadership transition plan,AAPL,CNBC
2022-06-01,MSFT profit margins expand amid cost cutting efforts,MSFT,Bloomberg
2022-06-02,Analysts downgrade MSFT citing valuation concerns,MSFT,Bloomberg
2022-06-02,GOOGL cloud revenue growth accelerates in latest quarter,GOOGL,Yahoo Finance
2022-06-03,Cryptocurrency volatility spills over into tech stocks,,Yahoo Finance
2022-06-06,Cryptocurrency volatility spills over into tech stocks,,MarketWatch
2022-06-08,QQQ volume picks up ahead of next week earnings,QQQ,Bloomberg
2022-06-08,SPY announces leadership transition plan,SPY,Bloomberg
2022-06-10,Housing market shows signs of cooling as rates rise,,CNBC
2022-06-10,MSFT board approves routine corporate matters,MSFT,CNBC
2022-06-13,MSFT maintains dividend at current levels,MSFT,Bloomberg
2022-06-13,MSFT board approves routine corporate matters,MSFT,Yahoo Finance
2022-06-14,Treasury yields climb as inflation data tops expectations,,CNBC
2022-06-14,GOOGL maintains dividend at current levels,GOOGL,Yahoo Finance
2022-06-14,Trading volume in GOOGL remains steady ahead of earnings,GOOGL,Yahoo Finance
2022-06-15,Analysts downgrade SPY citing valuation concerns,SPY,Bloomberg
2022-06-16,MSFT raises full-year guidance above consensus,MSFT,MarketWatch
2022-06-16,Analysts upgrade MSFT to 'buy' after strong quarter,MSFT,Bloomberg
2022-06-16,GDP growth slows but beats revised expectations,,Yahoo Finance
2022-06-17,Small caps outperform as risk appetite improves,,Reuters
2022-06-17,Earnings season kicks off with mixed bank results,,Bloomberg
2022-06-20,Global markets rally on trade deal optimism,,Bloomberg
2022-06-21,AAPL launches innovative product to positive reviews,AAPL,Yahoo Finance
2022-06-22,"QQQ beats earnings expectations, shares surge",QQQ,MarketWatch
2022-06-23,Short sellers increase bets against GOOGL,GOOGL,Bloomberg
2022-06-24,Market selloff drags AAPL below key support levels,AAPL,Reuters
2022-06-27,AAPL board approves routine corporate matters,AAPL,Reuters
2022-06-27,QQQ announces leadership transition plan,QQQ,CNBC
2022-06-28,Analysts upgrade MSFT to 'buy' after strong quarter,MSFT,Bloomberg
2022-06-29,AAPL launches innovative product to positive reviews,AAPL,MarketWatch
2022-06-30,Central banks globally signal tightening monetary policy,,Bloomberg
2022-07-06,AAPL cloud revenue growth accelerates in latest quarter,AAPL,Reuters
2022-07-07,Retail investors drive unusual options activity,,MarketWatch
2022-07-07,SPY to present at upcoming investor conference,SPY,Reuters
2022-07-08,MSFT to present at upcoming investor conference,MSFT,Bloomberg
2022-07-11,Competition intensifies as GOOGL loses market share,GOOGL,CNBC
2022-07-11,Market selloff drags GOOGL below key support levels,GOOGL,MarketWatch
2022-07-12,Treasury yields climb as inflation data tops expectations,,Yahoo Finance
2022-07-12,MSFT warns of supply chain disruptions impacting margins,MSFT,MarketWatch
2022-07-13,Cryptocurrency volatility spills over into tech stocks,,CNBC
2022-07-14,GOOGL volume picks up ahead of next week earnings,GOOGL,Reuters
2022-07-15,SPY lowers guidance amid macroeconomic headwinds,SPY,CNBC
2022-07-15,Rising costs pressure GOOGL profit margins,GOOGL,Reuters
2022-07-18,Central banks globally signal tightening monetary policy,,MarketWatch
2022-07-19,Analysts upgrade QQQ to 'buy' after strong quarter,QQQ,MarketWatch
2022-07-19,SPY holds investor day with no major announcements,SPY,MarketWatch
2022-07-20,Trading volume in AAPL remains steady ahead of earnings,AAPL,Reuters
2022-07-20,Tech sector leads market decline on growth concerns,,Reuters
2022-07-21,GOOGL maintains dividend at current levels,GOOGL,Yahoo Finance
2022-07-21,Consumer confidence drops to lowest level in six months,,Reuters
2022-07-22,GOOGL launches innovative product to positive reviews,GOOGL,Reuters
2022-07-25,Rising costs pressure AAPL profit margins,AAPL,MarketWatch
2022-07-28,Analysts maintain hold rating on QQQ,QQQ,Reuters
2022-07-28,Analysts maintain hold rating on GOOGL,GOOGL,MarketWatch
2022-07-29,SPY reports results in line with expectations,SPY,Yahoo Finance
2022-07-29,GOOGL launches innovative product to positive reviews,GOOGL,Reuters
2022-08-01,Mixed signals for GOOGL as sector consolidates,GOOGL,MarketWatch
2022-08-01,SPY launches innovative product to positive reviews,SPY,MarketWatch
2022-08-01,AAPL warns of supply chain disruptions impacting margins,AAPL,Reuters
2022-08-02,Global markets rally on trade deal optimism,,Bloomberg
2022-08-03,Institutional investors increase holdings in SPY,SPY,Reuters
2022-08-03,Institutional investors increase holdings in MSFT,MSFT,CNBC
2022-08-04,VIX spikes as volatility returns to equity markets,,Bloomberg
2022-08-04,QQQ hit by data breach affecting millions of users,QQQ,Bloomberg
2022-08-05,AAPL faces class action lawsuit from shareholders,AAPL,Reuters
2022-08-05,Mixed signals for AAPL as sector consolidates,AAPL,Bloomberg
2022-08-05,MSFT to present at upcoming investor conference,MSFT,Bloomberg
2022-08-08,Sector rotation leaves QQQ flat on the day,QQQ,Yahoo Finance
2022-08-09,AAPL reports results in line with expectations,AAPL,MarketWatch
2022-08-10,QQQ expands into new market with strategic acquisition,QQQ,Bloomberg
2022-08-10,Trade tensions weigh on GOOGL international revenue,GOOGL,Reuters
2022-08-11,Market rally lifts QQQ to new 52-week high,QQQ,MarketWatch
2022-08-12,MSFT layoffs signal deeper problems in core business,MSFT,CNBC
2022-08-15,"Fed signals potential rate changes, markets react",,Yahoo Finance
2022-08-15,GOOGL files routine regulatory paperwork,GOOGL,Reuters
2022-08-16,GOOGL to present at upcoming investor conference,GOOGL,Yahoo Finance
2022-08-16,AAPL reports results in line with expectations,AAPL,MarketWatch
2022-08-16,Manufacturing PMI signals contraction for third month,,Bloomberg
2022-08-17,Competition intensifies as SPY loses market share,SPY,CNBC
2022-08-18,Analysts downgrade AAPL citing valuation concerns,AAPL,CNBC
2022-08-19,SPY maintains dividend at current levels,SPY,Yahoo Finance
2022-08-22,Small caps outperform as risk appetite improves,,MarketWatch
2022-08-22,VIX spikes as volatility returns to equity markets,,Bloomberg
2022-08-23,AAPL trading near 50-day moving average,AAPL,CNBC
2022-08-23,MSFT dividend increase signals management confidence,MSFT,MarketWatch
2022-08-23,Bond market inversion deepens recession concerns,,Yahoo Finance
2022-08-24,Oil prices surge on geopolitical tensions in Middle East,,Yahoo Finance
2022-08-24,AAPL files routine regulatory paperwork,AAPL,MarketWatch
2022-08-25,QQQ maintains dividend at current levels,QQQ,MarketWatch
2022-08-26,MSFT dividend increase signals management confidence,MSFT,Yahoo Finance
2022-08-29,S&P 500 closes at session highs on broad rally,,Reuters
2022-08-30,AAPL completes previously announced restructuring,AAPL,MarketWatch
2022-08-30,QQQ layoffs signal deeper problems in core business,QQQ,Bloomberg
2022-08-30,GOOGL holds investor day with no major announcements,GOOGL,Reuters
2022-09-01,Global markets rally on trade deal optimism,,MarketWatch
2022-09-05,AAPL profit margins expand amid cost cutting efforts,AAPL,MarketWatch
2022-09-05,GOOGL secures major government contract worth billions,GOOGL,MarketWatch
2022-09-06,Wall Street bullish on MSFT growth prospects,MSFT,Bloomberg
2022-09-07,SPY lowers guidance amid macroeconomic headwinds,SPY,MarketWatch
2022-09-08,Wall Street bullish on SPY growth prospects,SPY,Bloomberg
2022-09-08,Small caps outperform as risk appetite improves,,MarketWatch
2022-09-08,SPY faces regulatory scrutiny over business practices,SPY,Reuters
2022-09-09,Competition intensifies as GOOGL loses market share,GOOGL,Reuters
2022-09-12,QQQ volume picks up ahead of next week earnings,QQQ,MarketWatch
2022-09-13,SPY completes previously announced restructuring,SPY,Yahoo Finance
2022-09-13,AAPL layoffs signal deeper problems in core business,AAPL,Reuters
2022-09-13,Cryptocurrency volatility spills over into tech stocks,,Reuters
2022-09-15,GOOGL files routine regulatory paperwork,GOOGL,Yahoo Finance
2022-09-15,Oil prices surge on geopolitical tensions in Middle East,,MarketWatch
2022-09-19,GOOGL announces major share buyback program,GOOGL,CNBC
2022-09-20,MSFT dividend increase signals management confidence,MSFT,Reuters
2022-09-21,GOOGL layoffs signal deeper problems in core business,GOOGL,MarketWatch
2022-09-21,AAPL maintains dividend at current levels,AAPL,Reuters
2022-09-22,"Job report exceeds expectations, stocks mixed",,Bloomberg
2022-09-23,Central banks globally signal tightening monetary policy,,Bloomberg
2022-09-23,AAPL to present at upcoming investor conference,AAPL,Reuters
2022-09-26,MSFT completes previously announced restructuring,MSFT,CNBC
2022-09-26,GOOGL maintains dividend at current levels,GOOGL,Bloomberg
2022-09-26,GOOGL reports record revenue in Q4 results,GOOGL,CNBC
2022-09-27,Retail investors drive unusual options activity,,Reuters
2022-09-27,Options activity in SPY suggests sideways movement,SPY,Yahoo Finance
2022-09-27,MSFT raises full-year guidance above consensus,MSFT,CNBC
2022-09-28,QQQ faces regulatory scrutiny over business practices,QQQ,MarketWatch
2022-09-30,Consumer confidence drops to lowest level in six months,,Reuters
2022-09-30,GOOGL reports record revenue in Q2 results,GOOGL,Reuters
2022-09-30,"GOOGL beats earnings expectations, shares surge",GOOGL,Reuters
2022-10-04,SPY reports results in line with expectations,SPY,Bloomberg
2022-10-05,MSFT faces class action lawsuit from shareholders,MSFT,Reuters
2022-10-05,"Fed signals potential rate changes, markets react",,MarketWatch
2022-10-05,QQQ holds investor day with no major announcements,QQQ,CNBC
2022-10-06,Institutional investors increase holdings in QQQ,QQQ,Bloomberg
2022-10-07,Wall Street bullish on SPY growth prospects,SPY,MarketWatch
2022-10-10,GOOGL announces major share buyback program,GOOGL,Reuters
2022-10-12,QQQ expands into new market with strategic acquisition,QQQ,CNBC
2022-10-17,Market selloff drags MSFT below key support levels,MSFT,Bloomberg
2022-10-17,SPY cloud revenue growth accelerates in latest quarter,SPY,Bloomberg
2022-10-17,Strong consumer demand drives GOOGL sales higher,GOOGL,Bloomberg
2022-10-18,Wall Street bullish on MSFT growth prospects,MSFT,Reuters
2022-10-18,GOOGL volume picks up ahead of next week earnings,GOOGL,Bloomberg
2022-10-18,SPY to present at upcoming investor conference,SPY,Reuters
2022-10-19,GDP growth slows but beats revised expectations,,Bloomberg
2022-10-19,QQQ completes previously announced restructuring,QQQ,Bloomberg
2022-10-20,Mixed signals for AAPL as sector consolidates,AAPL,Reuters
2022-10-21,Bond market inversion deepens recession concerns,,CNBC
2022-10-21,MSFT secures major government contract worth billions,MSFT,Yahoo Finance
2022-10-25,SPY files routine regulatory paperwork,SPY,Reuters
2022-10-26,AAPL layoffs signal deeper problems in core business,AAPL,Yahoo Finance
2022-10-26,Wall Street bullish on MSFT growth prospects,MSFT,CNBC
2022-10-27,Market selloff drags AAPL below key support levels,AAPL,Bloomberg
2022-10-28,GOOGL board approves routine corporate matters,GOOGL,Bloomberg
2022-10-28,Analysts maintain hold rating on AAPL,AAPL,Yahoo Finance
2022-10-28,Markets tumble on recession fears and weak economic data,,CNBC
2022-10-31,QQQ warns of supply chain disruptions impacting margins,QQQ,MarketWatch
2022-10-31,AAPL cloud revenue growth accelerates in latest quarter,AAPL,Bloomberg
2022-11-01,Retail investors drive unusual options activity,,MarketWatch
2022-11-02,QQQ to present at upcoming investor conference,QQQ,CNBC
2022-11-03,Analysts downgrade MSFT citing valuation concerns,MSFT,CNBC
2022-11-03,GOOGL profit margins expand amid cost cutting efforts,GOOGL,MarketWatch
2022-11-03,Market selloff drags QQQ below key support levels,QQQ,MarketWatch
2022-11-04,SPY volume picks up ahead of next week earnings,SPY,MarketWatch
2022-11-04,AAPL completes previously announced restructuring,AAPL,MarketWatch
2022-11-04,Concerns mount over SPY slowing growth trajectory,SPY,MarketWatch
2022-11-07,QQQ trading near 50-day moving average,QQQ,Bloomberg
2022-11-07,GOOGL CFO departure raises governance questions,GOOGL,Yahoo Finance
2022-11-07,Analysts maintain hold rating on QQQ,QQQ,Yahoo Finance
2022-11-08,Trade tensions weigh on GOOGL international revenue,GOOGL,Yahoo Finance
2022-11-08,GDP growth slows but beats revised expectations,,Reuters
2022-11-09,Earnings season kicks off with mixed bank results,,CNBC
2022-11-10,GDP growth slows but beats revised expectations,,MarketWatch
2022-11-11,"GOOGL misses revenue estimates, stock drops",GOOGL,Bloomberg
2022-11-11,SPY completes previously announced restructuring,SPY,Bloomberg
2022-11-11,SPY secures major government contract worth billions,SPY,MarketWatch
2022-11-14,SPY announces leadership transition plan,SPY,Bloomberg
2022-11-14,Treasury yields climb as inflation data tops expectations,,MarketWatch
2022-11-15,SPY reports results in line with expectations,SPY,Yahoo Finance
2022-11-15,Options activity in MSFT suggests sideways movement,MSFT,Reuters
2022-11-15,Mixed signals for MSFT as sector consolidates,MSFT,CNBC
2022-11-16,GDP growth slows but beats revised expectations,,CNBC
2022-11-16,SPY expands into new market with strategic acquisition,SPY,Bloomberg
2022-11-16,QQQ reports record revenue in Q4 results,QQQ,MarketWatch
2022-11-18,Trading volume in QQQ remains steady ahead of earnings,QQQ,Yahoo Finance
2022-11-22,Options activity in MSFT suggests sideways movement,MSFT,MarketWatch
2022-11-23,QQQ expands into new market with strategic acquisition,QQQ,CNBC
2022-11-24,QQQ lowers guidance amid macroeconomic headwinds,QQQ,Reuters
2022-11-25,Trade tensions weigh on SPY international revenue,SPY,CNBC
2022-11-25,SPY board approves routine corporate matters,SPY,Reuters
2022-11-25,SPY reports record revenue in Q1 results,SPY,CNBC
2022-11-28,Bond market inversion deepens recession concerns,,Yahoo Finance
2022-11-28,SPY faces regulatory scrutiny over business practices,SPY,CNBC
2022-11-28,GOOGL announces major share buyback program,GOOGL,Yahoo Finance
2022-11-29,Trading volume in GOOGL remains steady ahead of earnings,GOOGL,Reuters
2022-11-30,Small caps outperform as risk appetite improves,,Bloomberg
2022-12-01,GOOGL hit by data breach affecting millions of users,GOOGL,Reuters
2022-12-02,Options activity in QQQ suggests sideways movement,QQQ,CNBC
2022-12-06,Wall Street bullish on AAPL growth prospects,AAPL,MarketWatch
2022-12-07,Strong consumer demand drives QQQ sales higher,QQQ,MarketWatch
2022-12-08,Sector rotation leaves SPY flat on the day,SPY,CNBC
2022-12-09,Market rally lifts GOOGL to new 52-week high,GOOGL,CNBC
2022-12-12,QQQ files routine regulatory paperwork,QQQ,CNBC
2022-12-12,Dollar strengthens as global growth concerns persist,,MarketWatch
2022-12-13,Institutional investors increase holdings in QQQ,QQQ,Bloomberg
2022-12-14,QQQ CFO departure raises governance questions,QQQ,Yahoo Finance
2022-12-14,Competition intensifies as MSFT loses market share,MSFT,MarketWatch
2022-12-14,QQQ dividend increase signals management confidence,QQQ,Reuters
2022-12-15,Options activity in QQQ suggests sideways movement,QQQ,Yahoo Finance
2022-12-16,GDP growth slows but beats revised expectations,,Bloomberg
2022-12-16,Concerns mount over GOOGL slowing growth trajectory,GOOGL,Yahoo Finance
2022-12-19,Options activity in MSFT suggests sideways movement,MSFT,Yahoo Finance
2022-12-19,VIX spikes as volatility returns to equity markets,,MarketWatch
2022-12-19,GOOGL profit margins expand amid cost cutting efforts,GOOGL,CNBC
2022-12-22,AAPL faces regulatory scrutiny over business practices,AAPL,Yahoo Finance
2022-12-23,QQQ to present at upcoming investor conference,QQQ,CNBC
2022-12-26,QQQ cloud revenue growth accelerates in latest quarter,QQQ,CNBC
2022-12-27,Trade tensions weigh on QQQ international revenue,QQQ,Bloomberg
2022-12-27,Global markets rally on trade deal optimism,,CNBC
2022-12-28,Central banks globally signal tightening monetary policy,,Bloomberg
2022-12-28,Wall Street bullish on AAPL growth prospects,AAPL,MarketWatch
2022-12-28,MSFT holds investor day with no major announcements,MSFT,Yahoo Finance
2022-12-29,Manufacturing PMI signals contraction for third month,,Bloomberg
2022-12-30,QQQ cloud revenue growth accelerates in latest quarter,QQQ,Bloomberg
2022-12-30,Cryptocurrency volatility spills over into tech stocks,,Yahoo Finance
2023-01-02,Strong consumer demand drives QQQ sales higher,QQQ,Yahoo Finance
2023-01-05,GOOGL warns of supply chain disruptions impacting margins,GOOGL,Bloomberg
2023-01-06,Oil prices surge on geopolitical tensions in Middle East,,Reuters
2023-01-09,QQQ lowers guidance amid macroeconomic headwinds,QQQ,MarketWatch
2023-01-09,QQQ volume picks up ahead of next week earnings,QQQ,MarketWatch
2023-01-11,AAPL launches innovative product to positive reviews,AAPL,CNBC
2023-01-12,MSFT completes previously announced restructuring,MSFT,Reuters
2023-01-12,Retail investors drive unusual options activity,,Reuters
2023-01-12,Analysts upgrade GOOGL to 'buy' after strong quarter,GOOGL,Reuters
2023-01-13,GOOGL cloud revenue growth accelerates in latest quarter,GOOGL,MarketWatch
2023-01-16,"SPY beats earnings expectations, shares surge",SPY,Yahoo Finance
2023-01-16,QQQ files routine regulatory paperwork,QQQ,Yahoo Finance
2023-01-16,QQQ faces class action lawsuit from shareholders,QQQ,Reuters
2023-01-17,Earnings season kicks off with mixed bank results,,CNBC
2023-01-17,SPY maintains dividend at current levels,SPY,CNBC
2023-01-19,"SPY beats earnings expectations, shares surge",SPY,Yahoo Finance
2023-01-19,"GOOGL misses revenue estimates, stock drops",GOOGL,MarketWatch
2023-01-20,SPY warns of supply chain disruptions impacting margins,SPY,Reuters
2023-01-23,Markets tumble on recession fears and weak economic data,,Yahoo Finance
2023-01-24,Competition intensifies as QQQ loses market share,QQQ,Reuters
2023-01-25,Bond market inversion deepens recession concerns,,MarketWatch
2023-01-25,Wall Street bullish on AAPL growth prospects,AAPL,CNBC
2023-01-26,AAPL announces leadership transition plan,AAPL,CNBC
2023-01-26,QQQ board approves routine corporate matters,QQQ,Bloomberg
2023-01-27,Analysts maintain hold rating on SPY,SPY,Yahoo Finance
2023-01-30,Short sellers increase bets against MSFT,MSFT,MarketWatch
2023-01-30,Sector rotation leaves SPY flat on the day,SPY,Reuters
2023-02-01,MSFT announces leadership transition plan,MSFT,Bloomberg
2023-02-01,SPY hit by data breach affecting millions of users,SPY,Reuters
2023-02-01,GOOGL announces major share buyback program,GOOGL,Bloomberg
2023-02-02,SPY reports results in line with expectations,SPY,MarketWatch
2023-02-02,SPY board approves routine corporate matters,SPY,Bloomberg
2023-02-02,"QQQ misses revenue estimates, stock drops",QQQ,CNBC
2023-02-03,Treasury yields climb as inflation data tops expectations,,Bloomberg
2023-02-06,Analysts upgrade GOOGL to 'buy' after strong quarter,GOOGL,MarketWatch
2023-02-08,MSFT secures major government contract worth billions,MSFT,CNBC
2023-02-08,Oil prices surge on geopolitical tensions in Middle East,,Yahoo Finance
2023-02-08,AAPL trading near 50-day moving average,AAPL,Yahoo Finance
2023-02-09,Cryptocurrency volatility spills over into tech stocks,,Reuters
2023-02-10,Treasury yields climb as inflation data tops expectations,,Bloomberg
2023-02-13,Strong consumer demand drives GOOGL sales higher,GOOGL,Bloomberg
2023-02-13,AAPL reports results in line with expectations,AAPL,CNBC
2023-02-15,AAPL announces major share buyback program,AAPL,CNBC
2023-02-15,Analysts downgrade GOOGL citing valuation concerns,GOOGL,Yahoo Finance
2023-02-16,Mixed signals for GOOGL as sector consolidates,GOOGL,Reuters
2023-02-16,SPY completes previously announced restructuring,SPY,Bloomberg
2023-02-20,Analysts upgrade MSFT to 'buy' after strong quarter,MSFT,CNBC
2023-02-20,AAPL raises full-year guidance above consensus,AAPL,Yahoo Finance
2023-02-21,"Fed signals potential rate changes, markets react",,Bloomberg
2023-02-21,AAPL layoffs signal deeper problems in core business,AAPL,Yahoo Finance
2023-02-22,Trading volume in SPY remains steady ahead of earnings,SPY,CNBC
2023-02-23,GOOGL layoffs signal deeper problems in core business,GOOGL,Yahoo Finance
2023-02-27,"Fed signals potential rate changes, markets react",,Yahoo Finance
2023-02-27,GOOGL lowers guidance amid macroeconomic headwinds,GOOGL,MarketWatch
2023-02-27,Strong consumer demand drives AAPL sales higher,AAPL,Yahoo Finance
2023-02-28,MSFT warns of supply chain disruptions impacting margins,MSFT,Yahoo Finance
2023-03-02,GOOGL profit margins expand amid cost cutting efforts,GOOGL,MarketWatch
2023-03-06,QQQ trading near 50-day moving average,QQQ,Reuters
2023-03-07,Analysts downgrade AAPL citing valuation concerns,AAPL,Bloomberg
2023-03-07,Sector rotation leaves QQQ flat on the day,QQQ,Reuters
2023-03-08,Short sellers increase bets against AAPL,AAPL,Bloomberg
2023-03-08,Sector rotation leaves SPY flat on the day,SPY,Bloomberg
2023-03-09,MSFT to present at upcoming investor conference,MSFT,CNBC
2023-03-10,Markets tumble on recession fears and weak economic data,,Reuters
2023-03-10,SPY warns of supply chain disruptions impacting margins,SPY,Bloomberg
2023-03-13,Bond market inversion deepens recession concerns,,CNBC
2023-03-14,Tech sector leads market decline on growth concerns,,CNBC
2023-03-14,MSFT raises full-year guidance above consensus,MSFT,Bloomberg
2023-03-14,GOOGL lowers guidance amid macroeconomic headwinds,GOOGL,CNBC
2023-03-15,QQQ lowers guidance amid macroeconomic headwinds,QQQ,Bloomberg
2023-03-16,Options activity in MSFT suggests sideways movement,MSFT,Bloomberg
2023-03-16,AAPL files routine regulatory paperwork,AAPL,Bloomberg
2023-03-17,Concerns mount over GOOGL slowing growth trajectory,GOOGL,MarketWatch
2023-03-20,QQQ trading near 50-day moving average,QQQ,CNBC
2023-03-20,VIX spikes as volatility returns to equity markets,,CNBC
2023-03-22,Mixed signals for AAPL as sector consolidates,AAPL,CNBC
2023-03-27,Analysts maintain hold rating on MSFT,MSFT,Bloomberg
2023-03-28,AAPL announces major share buyback program,AAPL,CNBC
2023-03-28,Mixed signals for MSFT as sector consolidates,MSFT,CNBC
2023-03-29,MSFT board approves routine corporate matters,MSFT,MarketWatch
2023-03-29,MSFT trading near 50-day moving average,MSFT,Bloomberg
2023-03-30,Central banks globally signal tightening monetary policy,,MarketWatch
2023-03-30,Analysts maintain hold rating on SPY,SPY,Reuters
2023-03-31,Rising costs pressure AAPL profit margins,AAPL,MarketWatch
2023-04-03,"GOOGL beats earnings expectations, shares surge",GOOGL,Bloomberg
2023-04-03,Market selloff drags MSFT below key support levels,MSFT,Yahoo Finance
2023-04-04,Markets tumble on recession fears and weak economic data,,Bloomberg
2023-04-04,GOOGL faces regulatory scrutiny over business practices,GOOGL,CNBC
2023-04-06,MSFT lowers guidance amid macroeconomic headwinds,MSFT,MarketWatch
2023-04-06,GOOGL completes previously announced restructuring,GOOGL,Bloomberg
2023-04-06,"MSFT misses revenue estimates, stock drops",MSFT,Bloomberg
2023-04-11,Short sellers increase bets against SPY,SPY,Reuters
2023-04-12,AAPL raises full-year guidance above consensus,AAPL,CNBC
2023-04-13,Market selloff drags QQQ below key support levels,QQQ,Bloomberg
2023-04-14,Institutional investors increase holdings in SPY,SPY,CNBC
2023-04-18,SPY raises full-year guidance above consensus,SPY,Yahoo Finance
2023-04-18,Market selloff drags SPY below key support levels,SPY,Bloomberg
2023-04-19,Analysts maintain hold rating on SPY,SPY,Reuters
2023-04-19,Earnings season kicks off with mixed bank results,,Reuters
2023-04-20,QQQ dividend increase signals management confidence,QQQ,MarketWatch
2023-04-21,MSFT files routine regulatory paperwork,MSFT,CNBC
2023-04-21,QQQ launches innovative product to positive reviews,QQQ,CNBC
2023-04-25,SPY expands into new market with strategic acquisition,SPY,CNBC
2023-04-27,MSFT hit by data breach affecting millions of users,MSFT,Yahoo Finance
2023-04-28,QQQ completes previously announced restructuring,QQQ,Bloomberg
2023-04-28,Treasury yields climb as inflation data tops expectations,,MarketWatch
2023-04-28,Concerns mount over GOOGL slowing growth trajectory,GOOGL,Bloomberg
2023-05-01,QQQ maintains dividend at current levels,QQQ,Yahoo Finance
2023-05-01,MSFT warns of supply chain disruptions impacting margins,MSFT,MarketWatch
2023-05-03,GOOGL files routine regulatory paperwork,GOOGL,MarketWatch
2023-05-03,AAPL announces leadership transition plan,AAPL,CNBC
2023-05-04,QQQ board approves routine corporate matters,QQQ,MarketWatch
2023-05-08,Strong consumer demand drives SPY sales higher,SPY,Bloomberg
2023-05-08,QQQ reports record revenue in Q3 results,QQQ,Yahoo Finance
2023-05-08,Dollar strengthens as global growth concerns persist,,Bloomberg
2023-05-09,QQQ profit margins expand amid cost cutting efforts,QQQ,CNBC
2023-05-10,QQQ hit by data breach affecting millions of users,QQQ,CNBC
2023-05-11,Dollar strengthens as global growth concerns persist,,CNBC
2023-05-12,GOOGL launches innovative product to positive reviews,GOOGL,MarketWatch
2023-05-15,Dollar strengthens as global growth concerns persist,,CNBC
2023-05-15,Options activity in QQQ suggests sideways movement,QQQ,Bloomberg
2023-05-16,GDP growth slows but beats revised expectations,,MarketWatch
2023-05-18,"AAPL misses revenue estimates, stock drops",AAPL,CNBC
2023-05-19,Analysts downgrade QQQ citing valuation concerns,QQQ,MarketWatch
2023-05-22,Competition intensifies as MSFT loses market share,MSFT,CNBC
2023-05-24,MSFT files routine regulatory paperwork,MSFT,Reuters
2023-05-24,Concerns mount over GOOGL slowing growth trajectory,GOOGL,Reuters
2023-05-24,Wall Street bullish on SPY growth prospects,SPY,Reuters
2023-05-25,Competition intensifies as AAPL loses market share,AAPL,CNBC
2023-05-25,Strong consumer demand drives MSFT sales higher,MSFT,MarketWatch
2023-05-25,Markets tumble on recession fears and weak economic data,,Bloomberg
2023-05-26,Mixed signals for GOOGL as sector consolidates,GOOGL,MarketWatch
2023-05-26,SPY volume picks up ahead of next week earnings,SPY,MarketWatch
2023-05-29,MSFT to present at upcoming investor conference,MSFT,Reuters
2023-05-29,Options activity in SPY suggests sideways movement,SPY,Bloomberg
2023-06-01,SPY maintains dividend at current levels,SPY,Yahoo Finance
2023-06-01,Market rally lifts QQQ to new 52-week high,QQQ,MarketWatch
2023-06-06,Retail investors drive unusual options activity,,MarketWatch
2023-06-06,Rising costs pressure MSFT profit margins,MSFT,MarketWatch
2023-06-07,Trading volume in QQQ remains steady ahead of earnings,QQQ,Yahoo Finance
2023-06-08,Small caps outperform as risk appetite improves,,Bloomberg
2023-06-09,Competition intensifies as AAPL loses market share,AAPL,Bloomberg
2023-06-09,AAPL faces class action lawsuit from shareholders,AAPL,MarketWatch
2023-06-09,GOOGL warns of supply chain disruptions impacting margins,GOOGL,Reuters
2023-06-13,Market selloff drags MSFT below key support levels,MSFT,Bloomberg
2023-06-13,QQQ CFO departure raises governance questions,QQQ,Reuters
2023-06-14,Analysts upgrade AAPL to 'buy' after strong quarter,AAPL,CNBC
2023-06-14,QQQ layoffs signal deeper problems in core business,QQQ,CNBC
2023-06-15,MSFT files routine regulatory paperwork,MSFT,Yahoo Finance
2023-06-16,GOOGL files routine regulatory paperwork,GOOGL,Bloomberg
2023-06-16,Institutional investors increase holdings in MSFT,MSFT,MarketWatch
2023-06-19,"SPY beats earnings expectations, shares surge",SPY,Bloomberg
2023-06-19,Treasury yields climb as inflation data tops expectations,,MarketWatch
2023-06-20,Short sellers increase bets against QQQ,QQQ,Reuters
2023-06-20,Sector rotation leaves AAPL flat on the day,AAPL,Bloomberg
2023-06-21,Tech sector leads market decline on growth concerns,,MarketWatch
2023-06-22,QQQ hit by data breach affecting millions of users,QQQ,Bloomberg
2023-06-22,SPY cloud revenue growth accelerates in latest quarter,SPY,Yahoo Finance
2023-06-23,MSFT launches innovative product to positive reviews,MSFT,Yahoo Finance
2023-06-23,QQQ holds investor day with no major announcements,QQQ,CNBC
2023-06-26,"MSFT beats earnings expectations, shares surge",MSFT,Reuters
2023-06-26,Housing market shows signs of cooling as rates rise,,Reuters
2023-06-28,AAPL secures major government contract worth billions,AAPL,Bloomberg
2023-06-28,Wall Street bullish on SPY growth prospects,SPY,Reuters
2023-06-29,"MSFT misses revenue estimates, stock drops",MSFT,Reuters
2023-06-30,Short sellers increase bets against SPY,SPY,Yahoo Finance
2023-07-03,MSFT to present at upcoming investor conference,MSFT,Reuters
2023-07-03,Strong consumer demand drives QQQ sales higher,QQQ,Yahoo Finance
2023-07-04,"Fed signals potential rate changes, markets react",,Bloomberg
2023-07-05,SPY CFO departure raises governance questions,SPY,Reuters
2023-07-05,Manufacturing PMI signals contraction for third month,,Yahoo Finance
2023-07-05,MSFT to present at upcoming investor conference,MSFT,Yahoo Finance
2023-07-06,Concerns mount over AAPL slowing growth trajectory,AAPL,Bloomberg
2023-07-07,Trading volume in MSFT remains steady ahead of earnings,MSFT,Reuters
2023-07-07,Concerns mount over GOOGL slowing growth trajectory,GOOGL,MarketWatch
2023-07-07,Rising costs pressure QQQ profit margins,QQQ,Bloomberg
2023-07-10,QQQ completes previously announced restructuring,QQQ,CNBC
2023-07-10,MSFT hit by data breach affecting millions of users,MSFT,Yahoo Finance
2023-07-11,SPY cloud revenue growth accelerates in latest quarter,SPY,Yahoo Finance
2023-07-12,Strong consumer demand drives MSFT sales higher,MSFT,CNBC
2023-07-12,QQQ maintains dividend at current levels,QQQ,Bloomberg
2023-07-13,Rising costs pressure SPY profit margins,SPY,MarketWatch
2023-07-13,Bond market inversion deepens recession concerns,,MarketWatch
2023-07-14,GOOGL faces class action lawsuit from shareholders,GOOGL,Yahoo Finance
2023-07-17,AAPL secures major government contract worth billions,AAPL,MarketWatch
2023-07-18,GOOGL hit by data breach affecting millions of users,GOOGL,CNBC
2023-07-18,SPY warns of supply chain disruptions impacting margins,SPY,CNBC
2023-07-18,Short sellers increase bets against SPY,SPY,CNBC
2023-07-19,Analysts maintain hold rating on GOOGL,GOOGL,MarketWatch
2023-07-20,Trade tensions weigh on SPY international revenue,SPY,Bloomberg
2023-07-21,Analysts downgrade MSFT citing valuation concerns,MSFT,Bloomberg
2023-07-24,Central banks globally signal tightening monetary policy,,Reuters
2023-07-26,Mixed signals for MSFT as sector consolidates,MSFT,Yahoo Finance
2023-07-27,Small caps outperform as risk appetite improves,,Yahoo Finance
2023-07-27,"AAPL misses revenue estimates, stock drops",AAPL,Yahoo Finance
2023-07-28,S&P 500 closes at session highs on broad rally,,CNBC
2023-07-31,AAPL trading near 50-day moving average,AAPL,CNBC
2023-07-31,MSFT faces class action lawsuit from shareholders,MSFT,MarketWatch
2023-07-31,Central banks globally signal tightening monetary policy,,MarketWatch
2023-08-01,Oil prices surge on geopolitical tensions in Middle East,,Bloomberg
2023-08-02,AAPL announces leadership transition plan,AAPL,MarketWatch
2023-08-03,VIX spikes as volatility returns to equity markets,,Reuters
2023-08-03,AAPL dividend increase signals management confidence,AAPL,MarketWatch
2023-08-03,SPY launches innovative product to positive reviews,SPY,CNBC
2023-08-04,QQQ completes previously announced restructuring,QQQ,Reuters
2023-08-04,Concerns mount over MSFT slowing growth trajectory,MSFT,CNBC
2023-08-04,GOOGL board approves routine corporate matters,GOOGL,Bloomberg
2023-08-07,QQQ launches innovative product to positive reviews,QQQ,Yahoo Finance
2023-08-07,Oil prices surge on geopolitical tensions in Middle East,,Yahoo Finance
2023-08-08,Analysts upgrade MSFT to 'buy' after strong quarter,MSFT,MarketWatch
2023-08-09,Competition intensifies as AAPL loses market share,AAPL,Bloomberg
2023-08-09,Trading volume in AAPL remains steady ahead of earnings,AAPL,Yahoo Finance
2023-08-10,MSFT maintains dividend at current levels,MSFT,MarketWatch
2023-08-11,AAPL reports record revenue in Q1 results,AAPL,CNBC
2023-08-11,GOOGL layoffs signal deeper problems in core business,GOOGL,Yahoo Finance
2023-08-14,Manufacturing PMI signals contraction for third month,,MarketWatch
2023-08-14,Analysts upgrade AAPL to 'buy' after strong quarter,AAPL,Bloomberg
2023-08-16,Mixed signals for SPY as sector consolidates,SPY,Reuters
2023-08-16,Earnings season kicks off with mixed bank results,,Yahoo Finance
2023-08-17,S&P 500 closes at session highs on broad rally,,Yahoo Finance
2023-08-17,"Job report exceeds expectations, stocks mixed",,Yahoo Finance
2023-08-18,Institutional investors increase holdings in AAPL,AAPL,Reuters
2023-08-18,Analysts downgrade SPY citing valuation concerns,SPY,Reuters
2023-08-21,QQQ lowers guidance amid macroeconomic headwinds,QQQ,Bloomberg
2023-08-22,SPY warns of supply chain disruptions impacting margins,SPY,Yahoo Finance
2023-08-22,SPY dividend increase signals management confidence,SPY,Reuters
2023-08-22,Mixed signals for GOOGL as sector consolidates,GOOGL,CNBC
2023-08-23,Concerns mount over MSFT slowing growth trajectory,MSFT,Bloomberg
2023-08-23,Tech sector leads market decline on growth concerns,,Yahoo Finance
2023-08-24,MSFT dividend increase signals management confidence,MSFT,Bloomberg
2023-08-24,AAPL faces regulatory scrutiny over business practices,AAPL,MarketWatch
2023-08-25,MSFT announces major share buyback program,MSFT,MarketWatch
2023-08-28,Manufacturing PMI signals contraction for third month,,Reuters
2023-08-28,GOOGL profit margins expand amid cost cutting efforts,GOOGL,Reuters
2023-08-29,"MSFT misses revenue estimates, stock drops",MSFT,Reuters
2023-08-29,AAPL dividend increase signals management confidence,AAPL,Bloomberg
2023-08-30,"Fed signals potential rate changes, markets react",,CNBC
2023-08-31,AAPL CFO departure raises governance questions,AAPL,Reuters
2023-08-31,QQQ dividend increase signals management confidence,QQQ,CNBC
2023-09-01,"QQQ misses revenue estimates, stock drops",QQQ,Yahoo Finance
2023-09-04,"QQQ misses revenue estimates, stock drops",QQQ,Bloomberg
2023-09-05,Sector rotation leaves SPY flat on the day,SPY,MarketWatch
2023-09-07,Analysts upgrade MSFT to 'buy' after strong quarter,MSFT,MarketWatch
2023-09-07,Small caps outperform as risk appetite improves,,Yahoo Finance
2023-09-08,QQQ expands into new market with strategic acquisition,QQQ,Bloomberg
2023-09-08,Consumer confidence drops to lowest level in six months,,Bloomberg
2023-09-08,Global markets rally on trade deal optimism,,Bloomberg
2023-09-11,MSFT raises full-year guidance above consensus,MSFT,Reuters
2023-09-11,QQQ announces leadership transition plan,QQQ,MarketWatch
2023-09-12,QQQ reports record revenue in Q1 results,QQQ,Reuters
2023-09-13,Institutional investors increase holdings in MSFT,MSFT,CNBC
2023-09-13,GOOGL announces leadership transition plan,GOOGL,Reuters
2023-09-14,GDP growth slows but beats revised expectations,,Bloomberg
2023-09-15,Institutional investors increase holdings in AAPL,AAPL,Yahoo Finance
2023-09-18,Analysts downgrade AAPL citing valuation concerns,AAPL,Reuters
2023-09-19,AAPL secures major government contract worth billions,AAPL,Yahoo Finance
2023-09-19,QQQ profit margins expand amid cost cutting efforts,QQQ,CNBC
2023-09-19,Earnings season kicks off with mixed bank results,,Yahoo Finance
2023-09-20,AAPL launches innovative product to positive reviews,AAPL,Reuters
2023-09-20,"MSFT misses revenue estimates, stock drops",MSFT,MarketWatch
2023-09-21,GOOGL faces class action lawsuit from shareholders,GOOGL,Yahoo Finance
2023-09-22,GDP growth slows but beats revised expectations,,Yahoo Finance
2023-09-25,Market selloff drags QQQ below key support levels,QQQ,Yahoo Finance
2023-09-25,"QQQ misses revenue estimates, stock drops",QQQ,Reuters
2023-09-26,MSFT CFO departure raises governance questions,MSFT,Yahoo Finance
2023-09-27,GOOGL hit by data breach affecting millions of users,GOOGL,Yahoo Finance
2023-09-27,SPY reports results in line with expectations,SPY,CNBC
2023-09-27,Market selloff drags QQQ below key support levels,QQQ,Bloomberg
2023-09-28,Markets tumble on recession fears and weak economic data,,Yahoo Finance
2023-09-28,Institutional investors increase holdings in SPY,SPY,MarketWatch
2023-09-28,Cryptocurrency volatility spills over into tech stocks,,CNBC
2023-09-29,Manufacturing PMI signals contraction for third month,,Yahoo Finance
2023-10-03,Short sellers increase bets against MSFT,MSFT,Bloomberg
2023-10-04,VIX spikes as volatility returns to equity markets,,Reuters
2023-10-05,Options activity in AAPL suggests sideways movement,AAPL,Reuters
2023-10-05,S&P 500 closes at session highs on broad rally,,MarketWatch
2023-10-05,GOOGL board approves routine corporate matters,GOOGL,Bloomberg
2023-10-06,Manufacturing PMI signals contraction for third month,,CNBC
2023-10-06,GOOGL holds investor day with no major announcements,GOOGL,Yahoo Finance
2023-10-09,AAPL reports record revenue in Q4 results,AAPL,Reuters
2023-10-10,QQQ files routine regulatory paperwork,QQQ,MarketWatch
2023-10-11,Market rally lifts SPY to new 52-week high,SPY,Bloomberg
2023-10-11,GOOGL layoffs signal deeper problems in core business,GOOGL,Bloomberg
2023-10-12,GOOGL cloud revenue growth accelerates in latest quarter,GOOGL,CNBC
2023-10-13,Options activity in QQQ suggests sideways movement,QQQ,Bloomberg
2023-10-16,QQQ hit by data breach affecting millions of users,QQQ,Bloomberg
2023-10-17,MSFT reports results in line with expectations,MSFT,MarketWatch
2023-10-17,QQQ faces regulatory scrutiny over business practices,QQQ,Reuters
2023-10-17,QQQ launches innovative product to positive reviews,QQQ,MarketWatch
2023-10-23,S&P 500 closes at session highs on broad rally,,Reuters
2023-10-23,MSFT board approves routine corporate matters,MSFT,Reuters
2023-10-23,Analysts upgrade QQQ to 'buy' after strong quarter,QQQ,Bloomberg
2023-10-24,Trade tensions weigh on GOOGL international revenue,GOOGL,Bloomberg
2023-10-24,GOOGL board approves routine corporate matters,GOOGL,MarketWatch
2023-10-25,MSFT announces major share buyback program,MSFT,Reuters
2023-10-25,Manufacturing PMI signals contraction for third month,,Yahoo Finance
2023-10-25,Treasury yields climb as inflation data tops expectations,,Yahoo Finance
2023-10-26,GOOGL to present at upcoming investor conference,GOOGL,Yahoo Finance
2023-10-27,Earnings season kicks off with mixed bank results,,CNBC
2023-10-30,"AAPL misses revenue estimates, stock drops",AAPL,Reuters
2023-10-30,QQQ lowers guidance amid macroeconomic headwinds,QQQ,Yahoo Finance
2023-10-30,"QQQ misses revenue estimates, stock drops",QQQ,Yahoo Finance
2023-11-01,Earnings season kicks off with mixed bank results,,Bloomberg
2023-11-02,AAPL reports record revenue in Q4 results,AAPL,MarketWatch
2023-11-02,AAPL announces leadership transition plan,AAPL,Bloomberg
2023-11-03,Trading volume in QQQ remains steady ahead of earnings,QQQ,CNBC
2023-11-03,Analysts maintain hold rating on AAPL,AAPL,MarketWatch
2023-11-03,GOOGL completes previously announced restructuring,GOOGL,Reuters
2023-11-07,Rising costs pressure GOOGL profit margins,GOOGL,CNBC
2023-11-07,Wall Street bullish on AAPL growth prospects,AAPL,Reuters
2023-11-09,"Fed signals potential rate changes, markets react",,MarketWatch
2023-11-09,GOOGL expands into new market with strategic acquisition,GOOGL,Reuters
2023-11-10,Strong consumer demand drives AAPL sales higher,AAPL,MarketWatch
2023-11-10,MSFT announces leadership transition plan,MSFT,Bloomberg
2023-11-13,SPY faces class action lawsuit from shareholders,SPY,Bloomberg
2023-11-13,QQQ maintains dividend at current levels,QQQ,Bloomberg
2023-11-13,Institutional investors increase holdings in SPY,SPY,Reuters
2023-11-14,SPY faces regulatory scrutiny over business practices,SPY,Bloomberg
2023-11-14,Mixed signals for SPY as sector consolidates,SPY,Yahoo Finance
2023-11-15,MSFT expands into new market with strategic acquisition,MSFT,Reuters
2023-11-15,MSFT cloud revenue growth accelerates in latest quarter,MSFT,CNBC
2023-11-16,GOOGL raises full-year guidance above consensus,GOOGL,Yahoo Finance
2023-11-17,MSFT volume picks up ahead of next week earnings,MSFT,Reuters
2023-11-20,SPY layoffs signal deeper problems in core business,SPY,Bloomberg
2023-11-20,"AAPL beats earnings expectations, shares surge",AAPL,Yahoo Finance
2023-11-21,AAPL reports record revenue in Q2 results,AAPL,CNBC
2023-11-21,Trading volume in SPY remains steady ahead of earnings,SPY,Bloomberg
2023-11-23,Strong consumer demand drives GOOGL sales higher,GOOGL,Yahoo Finance
2023-11-27,QQQ files routine regulatory paperwork,QQQ,Reuters
2023-11-27,"SPY misses revenue estimates, stock drops",SPY,Reuters
2023-11-28,MSFT to present at upcoming investor conference,MSFT,Bloomberg
2023-11-29,QQQ warns of supply chain disruptions impacting margins,QQQ,Yahoo Finance
2023-11-29,GOOGL expands into new market with strategic acquisition,GOOGL,Reuters
2023-11-30,AAPL reports results in line with expectations,AAPL,CNBC
2023-11-30,Concerns mount over AAPL slowing growth trajectory,AAPL,Reuters
2023-12-01,SPY reports record revenue in Q2 results,SPY,Reuters
2023-12-01,Rising costs pressure AAPL profit margins,AAPL,CNBC
2023-12-04,SPY volume picks up ahead of next week earnings,SPY,CNBC
2023-12-05,MSFT layoffs signal deeper problems in core business,MSFT,Yahoo Finance
2023-12-06,Analysts maintain hold rating on GOOGL,GOOGL,Reuters
2023-12-06,MSFT lowers guidance amid macroeconomic headwinds,MSFT,Reuters
2023-12-06,Sector rotation leaves SPY flat on the day,SPY,CNBC
2023-12-07,Sector rotation leaves AAPL flat on the day,AAPL,Bloomberg
2023-12-07,SPY hit by data breach affecting millions of users,SPY,Yahoo Finance
2023-12-08,Treasury yields climb as inflation data tops expectations,,Bloomberg
2023-12-13,Central banks globally signal tightening monetary policy,,CNBC
2023-12-13,Small caps outperform as risk appetite improves,,Reuters
2023-12-14,Competition intensifies as SPY loses market share,SPY,MarketWatch
2023-12-19,Short sellers increase bets against GOOGL,GOOGL,MarketWatch
2023-12-19,Trade tensions weigh on QQQ international revenue,QQQ,Bloomberg
2023-12-19,MSFT reports record revenue in Q1 results,MSFT,MarketWatch
2023-12-20,GOOGL board approves routine corporate matters,GOOGL,Yahoo Finance
2023-12-21,GDP growth slows but beats revised expectations,,Reuters
2023-12-21,Trading volume in QQQ remains steady ahead of earnings,QQQ,Reuters
2023-12-26,S&P 500 closes at session highs on broad rally,,CNBC
2023-12-27,Concerns mount over MSFT slowing growth trajectory,MSFT,Reuters
2023-12-27,GOOGL CFO departure raises governance questions,GOOGL,Bloomberg
2023-12-28,SPY cloud revenue growth accelerates in latest quarter,SPY,CNBC
2023-12-28,Central banks globally signal tightening monetary policy,,CNBC
2023-12-28,AAPL trading near 50-day moving average,AAPL,MarketWatch
2023-12-29,SPY layoffs signal deeper problems in core business,SPY,Yahoo Finance
